<?xml version="1.0" encoding="UTF-8"?>
<ti:module xmlns:ti="http://ti.appcelerator.org" xmlns:android="http://schemas.android.com/apk/res/android">
	<!--
		Similar to tiapp.xml, but contains module/platform specific
		configuration in <iphone>, <android>, and <mobileweb> sections
	-->
	<iphone>
	</iphone>
	<android xmlns:android="http://schemas.android.com/apk/res/android">
		<manifest>
			<application>
				<receiver android:exported="true" android:name="ti.andsmsverification.SMSBroadcastReceiver">
					<intent-filter>
						<action android:name="android.provider.Telephony.SMS_RECEIVED" />
					</intent-filter>
				</receiver>
			</application>
			<uses-permission android:name="android.permission.READ_PHONE_STATE" />
			<uses-permission android:name="android.permission.RECEIVE_SMS" />
		</manifest>
	</android>
	<mobileweb>
	</mobileweb>
</ti:module>
